caseid_new,caseid_wave,qualified?,survey_completed_new,followup_HCMST_yrmo,relationship_status,married_year,married_month,breakup_year_combo,breakup_month_combo,got_married?_new
22526,22526_6,qualified,yes,201707,still together,,,,,no
28536,28536_6,qualified,yes,201707,still together,,,,,no
29584,29584_6,qualified,yes,201707,still together,,,,,
48225,48225_6,qualified,yes,201707,still together,,,,,
49731,49731_6,qualified,yes,201707,still together,,,,,
58295,58295_6,qualified,yes,201707,still together,,,,,
64331,64331_6,qualified,yes,201707,still together,,,,,
68546,68546_6,qualified,yes,201707,still together,,,,,
83431,83431_6,qualified,yes,201707,still together,,,,,
103545,103545_6,qualified,yes,201707,still together,,,,,no
114276,114276_6,qualified,yes,201707,still together,,,,,
117401,117401_6,qualified,yes,201708,still together,,,,,
126231,126231_6,qualified,yes,201707,still together,,,,,
128441,128441_6,qualified,yes,201707,broke up,,,2017.0,July,
134275,134275_6,qualified,yes,201707,still together,,,,,
155561,155561_6,qualified,yes,201707,still together,,,,,
156486,156486_6,qualified,yes,201707,still together,,,,,no
157421,157421_6,qualified,yes,201707,still together,,,,,
163195,163195_6,qualified,yes,201708,still together,,,,,
166381,166381_6,qualified,yes,201707,still together,,,,,
168646,168646_6,qualified,yes,201707,still together,,,,,
171391,171391_6,qualified,yes,201707,still together,,,,,
172291,172291_6,qualified,yes,201707,still together,,,,,
179461,179461_6,qualified,yes,201707,still together,,,,,
187511,187511_6,qualified,yes,201707,still together,,,,,
189411,189411_6,qualified,yes,201707,still together,,,,,
192341,192341_6,qualified,yes,201707,still together,,,,,
194441,194441_6,qualified,yes,201707,broke up,,,2015.0,May,
202631,202631_6,qualified,yes,201707,still together,,,,,
205421,205421_6,qualified,yes,201707,still together,,,,,
211571,211571_6,qualified,yes,201707,still together,,,,,
214591,214591_6,qualified,yes,201707,still together,,,,,
220411,220411_6,qualified,yes,201707,still together,,,,,
225516,225516_6,qualified,yes,201707,still together,,,,,no
239561,239561_6,qualified,yes,201707,still together,,,,,
244431,244431_6,qualified,yes,201707,still together,,,,,
250546,250546_6,qualified,yes,201707,still together,,,,,
256696,256696_6,qualified,yes,201707,still together,,,,,
262566,262566_6,qualified,yes,201707,still together,,,,,
267361,267361_6,qualified,yes,201707,still together,,,,,
271623,271623_6,qualified,yes,201707,still together,2015.0,September,,,yes
273431,273431_6,qualified,yes,201707,still together,,,,,
283386,283386_6,qualified,yes,201707,broke up,,,2016.0,August,
288666,288666_6,qualified,yes,201707,still together,,,,,
296851,296851_6,qualified,yes,201707,still together,,,,,
304561,304561_6,qualified,yes,201707,still together,,,,,
307461,307461_6,qualified,yes,201707,still together,,,,,
320631,320631_6,qualified,yes,201707,still together,,,,,
322421,322421_6,qualified,yes,201707,still together,,,,,
342596,342596_6,qualified,yes,201707,still together,,,,,
343421,343421_6,qualified,yes,201707,still together,,,,,
348456,348456_6,qualified,yes,201708,broke up,,,2015.0,June,
358321,358321_6,qualified,yes,201707,still together,,,,,
361593,361593_6,qualified,yes,201707,partner passed away,,,,,
362491,362491_6,qualified,yes,201707,still together,,,,,
367471,367471_6,qualified,yes,201707,still together,,,,,
368611,368611_6,qualified,yes,201707,still together,,,,,
375486,375486_6,qualified,yes,201707,still together,,,,,
378221,378221_6,qualified,yes,201707,still together,,,,,
388731,388731_6,qualified,yes,201707,still together,,,,,
389541,389541_6,qualified,yes,201707,still together,,,,,
393591,393591_6,qualified,yes,201707,still together,,,,,
413606,413606_6,qualified,yes,201707,still together,,,,,
420285,420285_6,qualified,yes,201707,still together,,,,,no
422485,422485_6,qualified,yes,201707,still together,,,,,no
425381,425381_6,qualified,yes,201707,still together,,,,,
429306,429306_6,qualified,yes,201707,still together,,,,,
432411,432411_6,qualified,yes,201707,still together,,,,,
441341,441341_6,qualified,yes,201707,still together,,,,,
443301,443301_6,qualified,yes,201707,still together,,,,,
453361,453361_6,qualified,yes,201707,still together,,,,,
484581,484581_6,qualified,yes,201707,still together,,,,,
511386,511386_6,qualified,yes,201707,still together,,,,,
512356,512356_6,qualified,yes,201707,still together,,,,,
524471,524471_6,qualified,yes,201707,still together,,,,,
526701,526701_6,qualified,yes,201707,still together,,,,,
527611,527611_6,qualified,yes,201707,still together,,,,,
535331,535331_6,qualified,yes,201707,still together,,,,,
541261,541261_6,qualified,yes,201707,still together,,,,,
553481,553481_6,qualified,yes,201707,still together,,,,,
566581,566581_6,qualified,yes,201707,still together,,,,,
569215,569215_6,qualified,yes,201708,still together,,,,,
570541,570541_6,qualified,yes,201708,still together,,,,,
571671,571671_6,qualified,yes,201707,still together,,,,,
577531,577531_6,qualified,yes,201707,still together,,,,,
578381,578381_6,qualified,yes,201707,still together,,,,,
580281,580281_6,qualified,yes,201707,still together,,,,,
581391,581391_6,qualified,yes,201707,still together,,,,,
591385,591385_6,qualified,yes,201707,still together,,,,,
600571,600571_6,qualified,yes,201707,still together,,,,,
606225,606225_6,qualified,yes,201707,still together,,,,,
617501,617501_6,qualified,yes,201707,still together,,,,,
622641,622641_6,qualified,yes,201707,still together,,,,,
624536,624536_6,qualified,yes,201707,still together,,,,,
626255,626255_6,qualified,yes,201707,still together,,,,,
633631,633631_6,qualified,yes,201707,still together,,,,,
636631,636631_6,qualified,yes,201707,still together,,,,,
654431,654431_6,qualified,yes,201707,still together,,,,,
658356,658356_6,qualified,yes,201707,still together,,,,,
661466,661466_6,qualified,yes,201707,still together,,,,,
664501,664501_6,qualified,yes,201707,still together,,,,,
666686,666686_6,qualified,yes,201707,partner passed away,,,,,
670721,670721_6,qualified,yes,201708,still together,,,,,
671481,671481_6,qualified,yes,201707,still together,,,,,
672681,672681_6,qualified,yes,201707,still together,,,,,
673371,673371_6,qualified,yes,201707,still together,,,,,
675671,675671_6,qualified,yes,201707,still together,,,,,
680225,680225_6,qualified,yes,201707,still together,,,,,
697396,697396_6,qualified,yes,201707,still together,,,,,
698271,698271_6,qualified,yes,201707,still together,,,,,
701496,701496_6,qualified,yes,201707,broke up,,,2016.0,August,
711676,711676_6,qualified,yes,201707,still together,,,,,no
733315,733315_6,qualified,yes,201707,still together,2015.0,September,,,yes
737741,737741_6,qualified,yes,201707,still together,,,,,
750561,750561_6,qualified,yes,201707,still together,,,,,
754281,754281_6,qualified,yes,201707,still together,,,,,
756296,756296_6,qualified,yes,201707,still together,,,,,no
758456,758456_6,qualified,yes,201707,still together,,,,,no
773351,773351_6,qualified,yes,201707,still together,,,,,
778421,778421_6,qualified,yes,201707,still together,,,,,
781615,781615_6,qualified,yes,201707,still together,,,,,
787561,787561_6,qualified,yes,201707,still together,,,,,
799451,799451_6,qualified,yes,201707,still together,,,,,
818301,818301_6,qualified,yes,201707,still together,,,,,
819481,819481_6,qualified,yes,201707,still together,,,,,
820666,820666_6,qualified,yes,201707,still together,,,,,no
825281,825281_6,qualified,yes,201707,still together,,,,,
834531,834531_6,qualified,yes,201707,still together,,,,,
838523,838523_6,qualified,yes,201707,still together,,,,,no
842195,842195_6,qualified,yes,201707,still together,,,,,no
847471,847471_6,qualified,yes,201707,still together,,,,,
871691,871691_6,qualified,yes,201707,still together,,,,,
878321,878321_6,qualified,yes,201707,still together,,,,,
891551,891551_6,qualified,yes,201707,still together,,,,,
899246,899246_6,qualified,yes,201707,still together,2017.0,April,,,yes
902521,902521_6,qualified,yes,201707,still together,,,,,
907301,907301_6,qualified,yes,201707,still together,,,,,
923466,923466_6,qualified,yes,201707,still together,,,,,no
939441,939441_6,qualified,yes,201707,still together,,,,,
942656,942656_6,qualified,yes,201707,still together,,,,,
952371,952371_6,qualified,yes,201707,still together,,,,,
973581,973581_6,qualified,yes,201707,still together,,,,,
976531,976531_6,qualified,yes,201707,still together,,,,,
984451,984451_6,qualified,yes,201707,still together,,,,,
986481,986481_6,qualified,yes,201707,still together,,,,,
990636,990636_6,qualified,yes,201707,still together,2015.0,May,,,yes
991466,991466_6,qualified,yes,201707,still together,,,,,
1009361,1009361_6,qualified,yes,201707,still together,,,,,
1029571,1029571_6,qualified,yes,201707,partner passed away,,,,,
1030441,1030441_6,qualified,yes,201707,still together,,,,,
1035596,1035596_6,qualified,yes,201707,still together,,,,,
1041291,1041291_6,qualified,yes,201707,still together,,,,,
1050395,1050395_6,qualified,yes,201707,still together,,,,,no
1052595,1052595_6,qualified,yes,201707,still together,,,,,no
1059286,1059286_6,qualified,yes,201707,still together,,,,,no
1061491,1061491_6,qualified,yes,201707,still together,,,,,
1079255,1079255_6,qualified,yes,201707,still together,,,,,
1083446,1083446_6,qualified,yes,201707,still together,,,,,
1084706,1084706_6,qualified,yes,201707,still together,,,,,
1085626,1085626_6,qualified,yes,201707,still together,,,,,no
1087551,1087551_6,qualified,yes,201707,still together,,,,,
1090535,1090535_6,qualified,yes,201707,broke up,,,2017.0,March,
1101471,1101471_6,qualified,yes,201707,still together,,,,,
1103641,1103641_6,qualified,yes,201707,still together,,,,,
1104541,1104541_6,qualified,yes,201707,still together,,,,,
1115241,1115241_6,qualified,yes,201707,still together,,,,,
1134571,1134571_6,qualified,yes,201707,still together,,,,,
1145473,1145473_6,qualified,yes,201707,still together,,,,,no
1149591,1149591_6,qualified,yes,201707,still together,,,,,
1152556,1152556_6,qualified,yes,201707,still together,,,,,
1153741,1153741_6,qualified,yes,201707,still together,,,,,
1155496,1155496_6,qualified,yes,201707,still together,,,,,
1166341,1166341_6,qualified,yes,201707,still together,,,,,
1179591,1179591_6,qualified,yes,201707,still together,,,,,
1187235,1187235_6,qualified,yes,201707,still together,,,,,
1188821,1188821_6,qualified,yes,201707,still together,,,,,
1189486,1189486_6,qualified,yes,201707,still together,,,,,no
1210536,1210536_6,qualified,yes,201707,still together,,,,,
1214546,1214546_6,qualified,yes,201707,still together,,,,,
1216365,1216365_6,qualified,yes,201707,still together,,,,,no
1223621,1223621_6,qualified,yes,201707,still together,,,,,
1226651,1226651_6,qualified,yes,201707,still together,,,,,
1233501,1233501_6,qualified,yes,201707,still together,,,,,
1252476,1252476_6,qualified,yes,201707,still together,,,,,
1253471,1253471_6,qualified,yes,201707,still together,,,,,
1257371,1257371_6,qualified,yes,201707,still together,,,,,
1262421,1262421_6,qualified,yes,201707,still together,,,,,
1270636,1270636_6,qualified,yes,201707,still together,,,,,
1273236,1273236_6,qualified,yes,201707,still together,,,,,
1278541,1278541_6,qualified,yes,201707,partner passed away,,,,,
1280305,1280305_6,qualified,yes,201707,still together,,,,,
1283621,1283621_6,qualified,yes,201707,still together,,,,,
1286415,1286415_6,qualified,yes,201707,still together,,,,,no
1289291,1289291_6,qualified,yes,201707,still together,,,,,
1290401,1290401_6,qualified,yes,201707,still together,,,,,
1301626,1301626_6,qualified,yes,201707,still together,,,,,
1306381,1306381_6,qualified,yes,201707,still together,,,,,
1316391,1316391_6,qualified,yes,201708,still together,,,,,
1327693,1327693_6,qualified,yes,201707,still together,,,,,no
1328713,1328713_6,qualified,yes,201707,still together,,,,,
1329235,1329235_6,qualified,yes,201707,still together,,,,,
1335363,1335363_6,qualified,yes,201707,still together,,,,,no
1340556,1340556_6,qualified,yes,201707,still together,2016.0,January,,,yes
1341511,1341511_6,qualified,yes,201707,still together,,,,,
1352771,1352771_6,qualified,yes,201707,still together,,,,,
1354291,1354291_6,qualified,yes,201707,still together,,,,,
1369721,1369721_6,qualified,yes,201707,still together,,,,,
1372391,1372391_6,qualified,yes,201707,still together,,,,,
1383671,1383671_6,qualified,yes,201707,still together,,,,,
1384431,1384431_6,qualified,yes,201707,still together,,,,,
1403571,1403571_6,qualified,yes,201707,still together,,,,,
1408531,1408531_6,qualified,yes,201707,still together,,,,,
1409551,1409551_6,qualified,yes,201707,still together,,,,,
1411661,1411661_6,qualified,yes,201707,still together,,,,,
1421401,1421401_6,qualified,yes,201707,still together,,,,,
1422621,1422621_6,qualified,yes,201708,still together,,,,,
1425271,1425271_6,qualified,yes,201707,still together,,,,,
1426355,1426355_6,qualified,yes,201707,still together,,,,,
1434421,1434421_6,qualified,yes,201707,broke up,,,2017.0,July,
1445491,1445491_6,qualified,yes,201707,broke up,,,2016.0,July,
1446561,1446561_6,qualified,yes,201707,still together,,,,,
1451501,1451501_6,qualified,yes,201707,still together,,,,,
1456556,1456556_6,qualified,yes,201707,still together,,,,,
1464431,1464431_6,qualified,yes,201707,still together,,,,,
1468606,1468606_6,qualified,yes,201707,still together,,,,,no
1469225,1469225_6,qualified,yes,201708,still together,,,,,no
1472491,1472491_6,qualified,yes,201707,still together,,,,,
1473421,1473421_6,qualified,yes,201707,still together,,,,,
1474566,1474566_6,qualified,yes,201707,still together,,,,,
1477205,1477205_6,qualified,yes,201707,still together,,,,,
1478566,1478566_6,qualified,yes,201707,still together,,,,,
1480621,1480621_6,qualified,yes,201707,still together,,,,,
1482336,1482336_6,qualified,yes,201707,still together,,,,,
1492642,1492642_6,qualified,yes,201707,still together,,,,,no
1493501,1493501_6,qualified,yes,201707,still together,,,,,
1494381,1494381_6,qualified,yes,201707,still together,,,,,
1498471,1498471_6,qualified,yes,201707,still together,,,,,
1511571,1511571_6,qualified,yes,201707,partner passed away,,,,,
1514561,1514561_6,qualified,yes,201707,still together,,,,,
1516441,1516441_6,qualified,yes,201707,still together,,,,,
1521461,1521461_6,qualified,yes,201707,still together,,,,,
1523526,1523526_6,qualified,yes,201707,still together,,,,,no
1525665,1525665_6,qualified,yes,201707,still together,,,,,no
1530311,1530311_6,qualified,yes,201707,still together,,,,,
1537541,1537541_6,qualified,yes,201707,still together,,,,,
1538731,1538731_6,qualified,yes,201707,still together,,,,,
1546505,1546505_6,qualified,yes,201707,still together,,,,,no
1549701,1549701_6,qualified,yes,201707,still together,,,,,
1554466,1554466_6,qualified,yes,201707,still together,2016.0,March,,,yes
1559571,1559571_6,qualified,yes,201707,still together,,,,,
1567444,1567444_6,qualified,yes,201707,broke up,,,2017.0,June,
1573641,1573641_6,qualified,yes,201707,still together,,,,,
1577546,1577546_6,qualified,yes,201707,still together,,,,,no
1580691,1580691_6,qualified,yes,201707,still together,,,,,
1582653,1582653_6,qualified,yes,201707,still together,,,,,no
1588416,1588416_6,qualified,yes,201707,still together,,,,,no
1599291,1599291_6,qualified,yes,201707,still together,,,,,
1601511,1601511_6,qualified,yes,201707,still together,,,,,
1608266,1608266_6,qualified,yes,201707,still together,,,,,no
1613271,1613271_6,qualified,yes,201707,still together,,,,,
1619401,1619401_6,qualified,yes,201707,still together,,,,,
1624601,1624601_6,qualified,yes,201707,still together,,,,,
1628461,1628461_6,qualified,yes,201708,still together,,,,,
1635436,1635436_6,qualified,yes,201707,still together,,,,,
1639691,1639691_6,qualified,yes,201707,still together,,,,,
1642351,1642351_6,qualified,yes,201707,still together,,,,,
1647511,1647511_6,qualified,yes,201707,still together,,,,,
1664275,1664275_6,qualified,yes,201707,still together,,,,,no
1667291,1667291_6,qualified,yes,201707,still together,,,,,
1668241,1668241_6,qualified,yes,201707,broke up,,,2016.0,January,
1669566,1669566_6,qualified,yes,201707,still together,,,,,no
1675641,1675641_6,qualified,yes,201707,still together,,,,,
1676566,1676566_6,qualified,yes,201707,still together,2015.0,May,,,yes
1685385,1685385_6,qualified,yes,201707,still together,,,,,no
1691641,1691641_6,qualified,yes,201707,still together,,,,,
1693481,1693481_6,qualified,yes,201707,still together,,,,,
1709246,1709246_6,qualified,yes,201707,still together,,,,,
1719406,1719406_6,qualified,yes,201707,still together,,,,,
1720621,1720621_6,qualified,yes,201707,still together,,,,,
1730361,1730361_6,qualified,yes,201707,still together,,,,,
1740291,1740291_6,qualified,yes,201707,still together,,,,,
1742351,1742351_6,qualified,yes,201707,still together,,,,,
1743521,1743521_6,qualified,yes,201707,still together,,,,,
1745446,1745446_6,qualified,yes,201707,still together,,,,,
1749592,1749592_6,qualified,yes,201707,still together,,,,,no
1752521,1752521_6,qualified,yes,201707,still together,,,,,
1753471,1753471_6,qualified,yes,201707,still together,,,,,
1762615,1762615_6,qualified,yes,201707,still together,,,,,no
1764471,1764471_6,qualified,yes,201707,still together,,,,,
1765521,1765521_6,qualified,yes,201707,still together,,,,,
1771195,1771195_6,qualified,yes,201707,still together,,,,,
1772413,1772413_6,qualified,yes,201707,still together,,,,,no
1778236,1778236_6,qualified,yes,201707,still together,,,,,no
1779551,1779551_6,qualified,yes,201707,still together,,,,,
1787296,1787296_6,qualified,yes,201707,still together,,,,,
1793381,1793381_6,qualified,yes,201707,still together,,,,,
1795381,1795381_6,qualified,yes,201707,still together,,,,,
1800341,1800341_6,qualified,yes,201707,still together,,,,,
1812681,1812681_6,qualified,yes,201708,still together,,,,,
1821371,1821371_6,qualified,yes,201707,still together,,,,,
1823706,1823706_6,qualified,yes,201707,still together,,,,,
1831446,1831446_6,qualified,yes,201707,still together,,,,,
1839335,1839335_6,qualified,yes,201707,still together,,,,,
1846441,1846441_6,qualified,yes,201707,still together,,,,,
1859701,1859701_6,qualified,yes,201707,still together,,,,,
1860271,1860271_6,qualified,yes,201707,still together,,,,,
1864311,1864311_6,qualified,yes,201707,still together,,,,,
1867521,1867521_6,qualified,yes,201707,still together,,,,,
1875531,1875531_6,qualified,yes,201707,still together,,,,,
1883321,1883321_6,qualified,yes,201707,still together,,,,,
1885371,1885371_6,qualified,yes,201707,still together,,,,,
1890241,1890241_6,qualified,yes,201707,still together,,,,,
1894396,1894396_6,qualified,yes,201707,still together,,,,,no
1900391,1900391_6,qualified,yes,201707,still together,,,,,
1906461,1906461_6,qualified,yes,201707,still together,,,,,
1915281,1915281_6,qualified,yes,201707,still together,,,,,
1918441,1918441_6,qualified,yes,201707,still together,,,,,
1926366,1926366_6,qualified,yes,201707,still together,,,,,no
1929641,1929641_6,qualified,yes,201707,still together,,,,,
1930531,1930531_6,qualified,yes,201707,still together,,,,,
1947301,1947301_6,qualified,yes,201707,still together,,,,,
1958331,1958331_6,qualified,yes,201707,still together,,,,,
1960361,1960361_6,qualified,yes,201707,still together,,,,,
1966581,1966581_6,qualified,yes,201707,still together,,,,,
1967711,1967711_6,qualified,yes,201707,still together,,,,,
1978511,1978511_6,qualified,yes,201707,still together,,,,,
1985391,1985391_6,qualified,yes,201707,still together,,,,,
1998801,1998801_6,qualified,yes,201707,still together,,,,,
2017286,2017286_6,qualified,yes,201707,still together,,,,,
2026446,2026446_6,qualified,yes,201707,still together,,,,,
2027521,2027521_6,qualified,yes,201707,still together,,,,,
2036461,2036461_6,qualified,yes,201707,still together,,,,,
2040821,2040821_6,qualified,yes,201707,still together,,,,,
2062511,2062511_6,qualified,yes,201707,still together,,,,,
2066551,2066551_6,qualified,yes,201707,still together,,,,,
2067411,2067411_6,qualified,yes,201707,still together,,,,,
2084411,2084411_6,qualified,yes,201707,still together,,,,,
2086556,2086556_6,qualified,yes,201708,still together,,,,,
2091581,2091581_6,qualified,yes,201707,still together,,,,,
2092496,2092496_6,qualified,yes,201707,still together,,,,,no
2093501,2093501_6,qualified,yes,201707,still together,,,,,
2095281,2095281_6,qualified,yes,201707,broke up,,,2012.0,October,
2103296,2103296_6,qualified,yes,201707,still together,,,,,no
2105421,2105421_6,qualified,yes,201707,still together,,,,,
2107491,2107491_6,qualified,yes,201707,still together,,,,,
2108781,2108781_6,qualified,yes,201707,still together,,,,,
2110451,2110451_6,qualified,yes,201707,still together,,,,,
2120526,2120526_6,qualified,yes,201707,still together,,,,,no
2121436,2121436_6,qualified,yes,201707,still together,2015.0,June,,,yes
2142591,2142591_6,qualified,yes,201707,still together,,,,,
2143405,2143405_6,qualified,yes,201707,still together,,,,,
2150511,2150511_6,qualified,yes,201707,still together,,,,,
2155561,2155561_6,qualified,yes,201707,still together,,,,,
2160635,2160635_6,qualified,yes,201707,still together,,,,,no
2170641,2170641_6,qualified,yes,201707,still together,,,,,
2179636,2179636_6,qualified,yes,201707,still together,,,,,
2180411,2180411_6,qualified,yes,201708,still together,,,,,
2184591,2184591_6,qualified,yes,201707,still together,,,,,
2187416,2187416_6,qualified,yes,201707,still together,2015.0,November,,,yes
2196501,2196501_6,qualified,yes,201707,still together,,,,,
2203446,2203446_6,qualified,yes,201707,still together,,,,,no
2211311,2211311_6,qualified,yes,201707,still together,,,,,
2218261,2218261_6,qualified,yes,201708,still together,,,,,
2224215,2224215_6,qualified,yes,201707,still together,,,,,no
2228436,2228436_6,qualified,yes,201708,still together,,,,,
2229421,2229421_6,qualified,yes,201708,still together,,,,,
2230711,2230711_6,qualified,yes,201707,still together,,,,,
2235561,2235561_6,qualified,yes,201707,partner passed away,,,,,
2242616,2242616_6,qualified,yes,201707,still together,,,,,no
2247501,2247501_6,qualified,yes,201708,still together,,,,,
2272671,2272671_6,qualified,yes,201707,still together,,,,,
2282431,2282431_6,qualified,yes,201707,still together,,,,,
2288511,2288511_6,qualified,yes,201707,still together,,,,,
2297221,2297221_6,qualified,yes,201707,still together,,,,,
2298381,2298381_6,qualified,yes,201707,still together,,,,,
2300541,2300541_6,qualified,yes,201707,still together,,,,,
2306401,2306401_6,qualified,yes,201707,still together,,,,,
2309591,2309591_6,qualified,yes,201707,still together,,,,,
2317486,2317486_6,qualified,yes,201707,still together,,,,,
2321421,2321421_6,qualified,yes,201707,still together,,,,,
2322215,2322215_6,qualified,yes,201707,still together,,,,,no
2323671,2323671_6,qualified,yes,201707,still together,,,,,
2333551,2333551_6,qualified,yes,201707,broke up,,,2016.0,December,
2335586,2335586_6,qualified,yes,201707,still together,,,,,no
2344281,2344281_6,qualified,yes,201707,broke up,,,2015.0,December,
2347261,2347261_6,qualified,yes,201707,still together,,,,,
2355521,2355521_6,qualified,yes,201707,still together,,,,,
2356606,2356606_6,qualified,yes,201707,still together,2015.0,January,,,yes
2364441,2364441_6,qualified,yes,201707,still together,,,,,
2365386,2365386_6,qualified,yes,201707,still together,,,,,
2366361,2366361_6,qualified,yes,201707,still together,,,,,
2367561,2367561_6,qualified,yes,201707,still together,,,,,
2377541,2377541_6,qualified,yes,201707,still together,,,,,
2381381,2381381_6,qualified,yes,201707,still together,,,,,
2388281,2388281_6,qualified,yes,201707,still together,,,,,
2393341,2393341_6,qualified,yes,201707,still together,,,,,
2395381,2395381_6,qualified,yes,201707,still together,,,,,
2398492,2398492_6,qualified,yes,201707,broke up,,,,,
2402351,2402351_6,qualified,yes,201707,still together,,,,,
2406541,2406541_6,qualified,yes,201707,still together,,,,,
2427431,2427431_6,qualified,yes,201707,still together,,,,,
2430446,2430446_6,qualified,yes,201707,still together,,,,,no
2453455,2453455_6,qualified,yes,201707,still together,,,,,
2460536,2460536_6,qualified,yes,201707,still together,,,,,
2465606,2465606_6,qualified,yes,201707,still together,,,,,no
2468481,2468481_6,qualified,yes,201707,still together,,,,,
2472495,2472495_6,qualified,yes,201707,still together,,,,,no
2485465,2485465_6,qualified,yes,201707,broke up,,,2016.0,June,
2487583,2487583_6,qualified,yes,201707,still together,,,,,no
2490501,2490501_6,qualified,yes,201707,still together,,,,,
2499671,2499671_6,qualified,yes,201707,still together,,,,,
2504476,2504476_6,qualified,yes,201707,still together,,,,,
2505436,2505436_6,qualified,yes,201707,still together,,,,,no
2506506,2506506_6,qualified,yes,201707,still together,,,,,
2518321,2518321_6,qualified,yes,201707,still together,,,,,
2524351,2524351_6,qualified,yes,201707,still together,,,,,
2527611,2527611_6,qualified,yes,201707,still together,,,,,
2533411,2533411_6,qualified,yes,201707,still together,,,,,
2534481,2534481_6,qualified,yes,201707,still together,,,,,
2554441,2554441_6,qualified,yes,201707,still together,,,,,
2557351,2557351_6,qualified,yes,201708,still together,,,,,
2562645,2562645_6,qualified,yes,201707,still together,,,,,
2564501,2564501_6,qualified,yes,201707,still together,,,,,
2565561,2565561_6,qualified,yes,201707,still together,,,,,
2569551,2569551_6,qualified,yes,201707,still together,,,,,
2588496,2588496_6,qualified,yes,201707,still together,,,,,no
2595533,2595533_6,qualified,yes,201707,still together,,,,,
2596391,2596391_6,qualified,yes,201707,still together,,,,,
2597631,2597631_6,qualified,yes,201707,still together,,,,,
2609225,2609225_6,qualified,yes,201707,still together,,,,,
2611571,2611571_6,qualified,yes,201707,still together,,,,,
2616381,2616381_6,qualified,yes,201707,still together,,,,,
2618441,2618441_6,qualified,yes,201707,still together,,,,,
2619511,2619511_6,qualified,yes,201707,still together,,,,,
2625586,2625586_6,qualified,yes,201707,still together,,,,,no
2631603,2631603_6,qualified,yes,201707,still together,,,,,no
2637661,2637661_6,qualified,yes,201707,still together,,,,,
2643741,2643741_6,qualified,yes,201707,still together,,,,,
2648596,2648596_6,qualified,yes,201707,still together,,,,,no
2672556,2672556_6,qualified,yes,201707,still together,,,,,
2679701,2679701_6,qualified,yes,201707,still together,,,,,
2682456,2682456_6,qualified,yes,201707,still together,,,,,
2683531,2683531_6,qualified,yes,201707,still together,,,,,
2684336,2684336_6,qualified,yes,201707,still together,,,,,
2692511,2692511_6,qualified,yes,201707,still together,,,,,
2697631,2697631_6,qualified,yes,201707,still together,,,,,
2711361,2711361_6,qualified,yes,201707,still together,,,,,
2719291,2719291_6,qualified,yes,201707,still together,,,,,
2725295,2725295_6,qualified,yes,201707,still together,,,,,
2753551,2753551_6,qualified,yes,201707,still together,,,,,
2763486,2763486_6,qualified,yes,201707,still together,2016.0,May,,,yes
2769621,2769621_6,qualified,yes,201707,still together,,,,,
2777215,2777215_6,qualified,yes,201707,still together,,,,,
2778431,2778431_6,qualified,yes,201707,still together,,,,,
2780461,2780461_6,qualified,yes,201707,still together,,,,,
2783571,2783571_6,qualified,yes,201707,still together,,,,,
2793416,2793416_6,qualified,yes,201707,still together,,,,,
2809516,2809516_6,qualified,yes,201707,broke up,,,2014.0,October,
2814495,2814495_6,qualified,yes,201707,still together,,,,,no
2820571,2820571_6,qualified,yes,201707,still together,,,,,
2843431,2843431_6,qualified,yes,201707,still together,,,,,
2845381,2845381_6,qualified,yes,201707,still together,,,,,
2880391,2880391_6,qualified,yes,201707,still together,,,,,
2885256,2885256_6,qualified,yes,201708,still together,,,,,
2887261,2887261_6,qualified,yes,201707,still together,,,,,
2897401,2897401_6,qualified,yes,201707,still together,,,,,
2908413,2908413_6,qualified,yes,201707,still together,,,,,
2913266,2913266_6,qualified,yes,201707,still together,,,,,
2931391,2931391_6,qualified,yes,201707,still together,,,,,
2932541,2932541_6,qualified,yes,201707,still together,,,,,
2934316,2934316_6,qualified,yes,201707,broke up,,,2017.0,March,
2965291,2965291_6,qualified,yes,201707,still together,,,,,
2972195,2972195_6,qualified,yes,201707,still together,,,,,
2982581,2982581_6,qualified,yes,201707,still together,,,,,
2984311,2984311_6,qualified,yes,201707,still together,,,,,
3026461,3026461_6,qualified,yes,201707,still together,,,,,
3027506,3027506_6,qualified,yes,201707,still together,,,,,no
3028411,3028411_6,qualified,yes,201707,still together,,,,,
3038731,3038731_6,qualified,yes,201708,still together,,,,,
3072336,3072336_6,qualified,yes,201707,still together,,,,,no
3097321,3097321_6,qualified,yes,201707,still together,,,,,
3119215,3119215_6,qualified,yes,201707,broke up,,,2015.0,March,
3126421,3126421_6,qualified,yes,201708,still together,,,,,
3132476,3132476_6,qualified,yes,201707,still together,2015.0,July,,,yes
3140275,3140275_6,qualified,yes,201707,still together,,,,,
3141525,3141525_6,qualified,yes,201707,still together,,,,,no
3149823,3149823_6,qualified,yes,201707,still together,,,,,
3151641,3151641_6,qualified,yes,201707,still together,,,,,
3160406,3160406_6,qualified,yes,201707,still together,,,,,no
3170471,3170471_6,qualified,yes,201707,still together,,,,,
3176561,3176561_6,qualified,yes,201707,still together,,,,,
3184401,3184401_6,qualified,yes,201707,still together,,,,,
3225411,3225411_6,qualified,yes,201707,still together,,,,,
3226271,3226271_6,qualified,yes,201707,still together,,,,,
3241291,3241291_6,qualified,yes,201707,still together,,,,,
3259601,3259601_6,qualified,yes,201707,still together,,,,,
3268461,3268461_6,qualified,yes,201707,still together,,,,,
3277771,3277771_6,qualified,yes,201708,still together,,,,,
3308311,3308311_6,qualified,yes,201707,still together,,,,,
3312261,3312261_6,qualified,yes,201708,still together,,,,,
3322441,3322441_6,qualified,yes,201707,still together,,,,,
3335321,3335321_6,qualified,yes,201707,still together,,,,,
3336706,3336706_6,qualified,yes,201707,still together,,,,,no
3355301,3355301_6,qualified,yes,201707,still together,,,,,
3358441,3358441_6,qualified,yes,201707,still together,,,,,
3380321,3380321_6,qualified,yes,201707,still together,,,,,
3397265,3397265_6,qualified,yes,201707,still together,,,,,
3399561,3399561_6,qualified,yes,201707,still together,,,,,
3401521,3401521_6,qualified,yes,201707,still together,,,,,
3406281,3406281_6,qualified,yes,201707,still together,,,,,
3409311,3409311_6,qualified,yes,201707,still together,,,,,
3424583,3424583_6,qualified,yes,201707,partner passed away,,,,,
3427495,3427495_6,qualified,yes,201707,still together,,,,,no
3431211,3431211_6,qualified,yes,201707,still together,,,,,
3444456,3444456_6,qualified,yes,201707,still together,,,,,no
3453341,3453341_6,qualified,yes,201708,still together,,,,,
3468741,3468741_6,qualified,yes,201707,still together,,,,,
3491361,3491361_6,qualified,yes,201707,still together,,,,,
3492545,3492545_6,qualified,yes,201707,still together,,,,,no
3535676,3535676_6,qualified,yes,201707,still together,,,,,
3540311,3540311_6,qualified,yes,201707,still together,,,,,
3564591,3564591_6,qualified,yes,201707,still together,,,,,
3565245,3565245_6,qualified,yes,201707,still together,,,,,
3598491,3598491_6,qualified,yes,201707,still together,,,,,
3605511,3605511_6,qualified,yes,201707,still together,,,,,
3607516,3607516_6,qualified,yes,201707,still together,,,,,no
3609351,3609351_6,qualified,yes,201707,still together,,,,,
3610311,3610311_6,qualified,yes,201707,still together,,,,,
3616701,3616701_6,qualified,yes,201707,still together,,,,,
3619411,3619411_6,qualified,yes,201707,broke up,,,2013.0,March,
3634581,3634581_6,qualified,yes,201707,still together,,,,,
3663613,3663613_6,qualified,yes,201707,still together,,,,,no
3673441,3673441_6,qualified,yes,201707,still together,,,,,
3683281,3683281_6,qualified,yes,201707,still together,,,,,
3700581,3700581_6,qualified,yes,201707,still together,,,,,
3705411,3705411_6,qualified,yes,201707,still together,,,,,
3706401,3706401_6,qualified,yes,201707,still together,,,,,
3732301,3732301_6,qualified,yes,201707,still together,,,,,
3736501,3736501_6,qualified,yes,201707,still together,,,,,
3761321,3761321_6,qualified,yes,201707,still together,,,,,
3767711,3767711_6,qualified,yes,201707,still together,,,,,
3770411,3770411_6,qualified,yes,201707,still together,,,,,
3774591,3774591_6,qualified,yes,201707,still together,,,,,
3778515,3778515_6,qualified,yes,201707,still together,,,,,no
3782331,3782331_6,qualified,yes,201707,broke up,,,2017.0,March,
3787205,3787205_6,qualified,yes,201707,still together,,,,,
3798621,3798621_6,qualified,yes,201707,still together,,,,,
3844421,3844421_6,qualified,yes,201707,still together,,,,,
3866491,3866491_6,qualified,yes,201707,still together,,,,,
3871551,3871551_6,qualified,yes,201707,still together,,,,,
3874515,3874515_6,qualified,yes,201707,still together,,,,,no
3880631,3880631_6,qualified,yes,201707,still together,,,,,
3912563,3912563_6,qualified,yes,201707,still together,,,,,no
3913541,3913541_6,qualified,yes,201707,still together,,,,,
3929554,3929554_6,qualified,yes,201707,still together,,,,,
4001391,4001391_6,qualified,yes,201707,still together,,,,,
4006641,4006641_6,qualified,yes,201707,still together,,,,,
4011225,4011225_6,qualified,yes,201707,still together,,,,,
4050291,4050291_6,qualified,yes,201708,still together,,,,,
4054305,4054305_6,qualified,yes,201707,still together,,,,,no
4056536,4056536_6,qualified,yes,201707,still together,,,,,
4069331,4069331_6,qualified,yes,201707,still together,,,,,
4088495,4088495_6,qualified,yes,201707,broke up,,,2016.0,November,
4115421,4115421_6,qualified,yes,201707,still together,,,,,
4126631,4126631_6,qualified,yes,201707,still together,,,,,
4128391,4128391_6,qualified,yes,201707,still together,,,,,
4130581,4130581_6,qualified,yes,201707,still together,,,,,
4141421,4141421_6,qualified,yes,201707,still together,,,,,
4168555,4168555_6,qualified,yes,201707,still together,,,,,no
4169431,4169431_6,qualified,yes,201707,still together,,,,,
4174761,4174761_6,qualified,yes,201707,still together,,,,,
4178551,4178551_6,qualified,yes,201707,still together,,,,,
4180501,4180501_6,qualified,yes,201707,still together,,,,,
4181551,4181551_6,qualified,yes,201707,still together,,,,,
4191521,4191521_6,qualified,yes,201707,still together,,,,,
4192621,4192621_6,qualified,yes,201707,still together,,,,,
4193661,4193661_6,qualified,yes,201707,still together,,,,,
4195661,4195661_6,qualified,yes,201707,still together,,,,,
4197351,4197351_6,qualified,yes,201707,still together,,,,,
4202381,4202381_6,qualified,yes,201707,still together,,,,,
4212411,4212411_6,qualified,yes,201707,still together,,,,,
4216511,4216511_6,qualified,yes,201707,still together,,,,,
4220781,4220781_6,qualified,yes,201707,still together,,,,,
4239461,4239461_6,qualified,yes,201707,still together,,,,,
4240551,4240551_6,qualified,yes,201707,still together,,,,,
4252251,4252251_6,qualified,yes,201707,still together,,,,,
4254681,4254681_6,qualified,yes,201707,still together,,,,,
4265461,4265461_6,qualified,yes,201707,still together,,,,,
4275581,4275581_6,qualified,yes,201707,still together,,,,,
4280781,4280781_6,qualified,yes,201707,still together,,,,,
4288421,4288421_6,qualified,yes,201707,still together,,,,,
4299381,4299381_6,qualified,yes,201708,still together,,,,,
4300261,4300261_6,qualified,yes,201707,still together,,,,,
4308551,4308551_6,qualified,yes,201707,still together,,,,,
4313491,4313491_6,qualified,yes,201707,still together,,,,,
4317556,4317556_6,qualified,yes,201707,partner passed away,,,,,
4320771,4320771_6,qualified,yes,201707,still together,,,,,
4331731,4331731_6,qualified,yes,201707,still together,,,,,
4332581,4332581_6,qualified,yes,201707,still together,,,,,
4344621,4344621_6,qualified,yes,201707,still together,,,,,
4346371,4346371_6,qualified,yes,201707,still together,,,,,
4354641,4354641_6,qualified,yes,201707,still together,,,,,
4355611,4355611_6,qualified,yes,201707,still together,,,,,
4367541,4367541_6,qualified,yes,201707,still together,,,,,
4370581,4370581_6,qualified,yes,201707,still together,,,,,
4372371,4372371_6,qualified,yes,201707,still together,,,,,
4381301,4381301_6,qualified,yes,201707,still together,,,,,
4384351,4384351_6,qualified,yes,201707,still together,,,,,
4386461,4386461_6,qualified,yes,201707,still together,,,,,
4390521,4390521_6,qualified,yes,201707,broke up,,,2016.0,August,
4394621,4394621_6,qualified,yes,201707,still together,,,,,
4395551,4395551_6,qualified,yes,201707,still together,,,,,
4398711,4398711_6,qualified,yes,201707,still together,,,,,
4399291,4399291_6,qualified,yes,201707,still together,,,,,
4402581,4402581_6,qualified,yes,201707,still together,,,,,
4412621,4412621_6,qualified,yes,201707,still together,,,,,
4423471,4423471_6,qualified,yes,201707,still together,,,,,
4431503,4431503_6,qualified,yes,201707,still together,,,,,
4442531,4442531_6,qualified,yes,201707,still together,,,,,
4454501,4454501_6,qualified,yes,201707,still together,,,,,
4463541,4463541_6,qualified,yes,201707,still together,,,,,
4464341,4464341_6,qualified,yes,201707,still together,,,,,
4470571,4470571_6,qualified,yes,201707,still together,,,,,
4486613,4486613_6,qualified,yes,201707,still together,,,,,
4490391,4490391_6,qualified,yes,201707,still together,,,,,
4500533,4500533_6,qualified,yes,201707,still together,,,,,
4514371,4514371_6,qualified,yes,201707,still together,,,,,
4520291,4520291_6,qualified,yes,201707,still together,,,,,
4524561,4524561_6,qualified,yes,201707,still together,,,,,
4526441,4526441_6,qualified,yes,201707,still together,,,,,
4529391,4529391_6,qualified,yes,201707,still together,,,,,
4530271,4530271_6,qualified,yes,201707,still together,,,,,
4537711,4537711_6,qualified,yes,201707,still together,,,,,
4553431,4553431_6,qualified,yes,201707,still together,,,,,
4558443,4558443_6,qualified,yes,201708,broke up,,,2016.0,May,
4563631,4563631_6,qualified,yes,201707,still together,,,,,
4583501,4583501_6,qualified,yes,201708,broke up,,,2015.0,November,
4597381,4597381_6,qualified,yes,201707,still together,,,,,
4613511,4613511_6,qualified,yes,201707,still together,,,,,
4621371,4621371_6,qualified,yes,201707,still together,,,,,
